INSERT INTO supervise_adminstrative (super_id,aid)
VALUES
('19991515','19994151');		

INSERT INTO supervise_professors(pid,did)
VALUES
('3213006','3213008'),		
('3000516','3000161'),		
('3000100','3000111'),		
('2231451','2231501'),		
('2231451','2000151'),		
('2231451','1000505'),		
('2003151','2003161'),		
('2003151','1000101');		

INSERT INTO mange(dno,start_date,aid)
VALUES
('1','20150123','19991515'),						
('2','20150501','19994151');

INSERT INTO work_professors (pid,dno)
VALUES
('3213006','2'),		
('3000516','2'),		
('3000100','1'),		
('2231451','2'),		
('2003151','1');

INSERT INTO work_demonstrators (did,dno)
VALUES
('3213008','2'),		
('3000161','2'),		
('3000111','1'),		
('2231501','2'),		
('2003161','1'),		
('2000151','2'),		
('1000101','1'),		
('1000505','2');

INSERT INTO work_Adminstrative (aid,dno)
VALUES
('19991515','1'),		
('19994151','2');

INSERT INTO listed (sid,dno)
VALUES
('20180656','1'),		
('20190652','2'),		
('20170565','1'),		
('20150333','2'),		
('20180444','1'),		
('20180354','2'),		
('20170665','1'),		
('20190442','2'),		
('20180659','1'),		
('20170256','2');

		
INSERT INTO learn (sid,scode)
VALUES
('20180656','CIV 125'),		
('20190652','CSC 113'),		
('20170565','CIV 126'),		
('20150333','CSC 114'),		
('20180444','CIV 127'),		
('20180354','CSC 115'),		
('20170665','CIV 128'),		
('20190442','CSC 116'),		
('20180659','CIV 128'),		
('20170256','CSC 116');		

INSERT INTO finished (grade,semster,sid,scode)
VALUES
('A-','OCT.2019','20180656','CIV 124'),			
('A+','OCT.2019','20190652','CSC 112'),			
('A','OCT.2019','20170565','CIV 124'),			
('C','MAY.2019','20170565','CIV 125'),			
('B-','OCT.2019','20150333','CSC 112'),			
('B+','MAY.2019','20150333','CSC 113'),			
('C-','OCT.2019','20180444','CIV 124'),			
('C-','MAY.2019','20180444','CIV 125'),			
('C+','OCT.2020','20180444','CIV 126'),			
('A','OCT.2019','20180354','CSC 112'),			
('A','MAY.2019','20180354','CSC 113'),			
('D','OCT.2020','20180354','CSC 114'),			
('D+','OCT.2019','20170665','CIV 124'),			
('B','MAY.2019','20170665','CIV 125'),			
('B','OCT.2020','20170665','CIV 126'),			
('B-','MAY.2020','20170665','CIV 127'),			
('B','OCT.2019','20190442','CSC 112'),			
('B','MAY.2019','20190442','CSC 113'),			
('B','OCT.2020','20190442','CSC 114'),			
('A','MAY.2020','20190442','CSC 115'),			
('A','OCT.2019','20180659','CIV 124'),			
('A+','MAY.2019','20180659','CIV 125'),			
('A-','OCT.2020','20180659','CIV 126'),			
('C','MAY.2020','20180659','CIV 127'),			
('C','OCT.2019','20170256','CSC 112'),			
('C','MAY.2019','20170256','CSC 113'),			
('A+','OCT.2020','20170256','CSC 114'),			
('D','MAY.2020','20170256','CSC 115');			

INSERT INTO Professors_Teach (pid,scode)
VALUES
('2231451','CSC 112'),		
('2231451','CSC 113'),		
('2231451','CSC 114'),		
('2231451','CSC 115'),		
('2231451','CSC 116'),		
('3213006','CSC 117'),		
('3213006','CSC 216'),		
('3213006','CSC 312'),		
('3000516','CSC 234'),		
('3000516','CSC 512'),		
('3000516','CSC 101 '),		
('3000100','CIV 124'),		
('3000100','CIV 125'),		
('3000100','CIV 126'),		
('3000100','CIV 127'),		
('3000100','CIV 128'),		
('3000100','CIV 213'),		
('2003151','CIV 214'),		
('2003151','CIV 215'),		
('2003151','CIV 216'),		
('2003151','CIV 217');

INSERT INTO Demonstrators_Teach (did,scode)
VALUES
('2231501','CSC 112'),		
('2231501','CSC 113'),		
('2231501','CSC 114'),		
('2000151','CSC 115'),		
('2000151','CSC 116'),		
('2000151','CSC 117'),		
('3213008','CSC 216'),		
('3213008','CSC 312'),		
('3000161','CSC 234'),		
('1000505','CSC 512'),		
('1000505','CSC 101 '),		
('3000111','CIV 124'),		
('3000111','CIV 125'),		
('3000111','CIV 126'),		
('1000101','CIV 127'),		
('1000101','CIV 128'),		
('1000101','CIV 213'),		
('1000101','CIV 214'),		
('2003161','CIV 215'),		
('2003161','CIV 216'),		
('2003161','CIV 217');
	
INSERT INTO Teach_with (did,pid)
VALUES
('2231501','2231451'),						
('2000151','2231451'),				
('2000151','3213006'),		
('3213008','3213006'),				
('3000161','3000516'),		
('1000505','3000516'),				
('3000111','3000100'),					
('1000101','3000100'),					
('1000101','2003151'),		
('2003161','2003151');					

		


		




		

		


